timestamp,policy_files_tracked,total_diff_lines,semantic_changes,structural_changes,notes
2025-11-11T14:00:00+00:00,12,0,0,0,Initial baseline - no changes
2025-11-14T02:44:10+00:00,74,0,0,0,Daily policy scan
2025-11-15T02:28:53+00:00,74,0,0,0,Daily policy scan
2025-11-16T02:49:18+00:00,74,0,0,0,Daily policy scan
2025-11-17T02:46:00+00:00,74,0,0,0,Daily policy scan
2025-11-18T02:43:23+00:00,74,0,0,0,Daily policy scan
2025-11-19T02:43:30+00:00,74,0,0,0,Daily policy scan
2025-11-20T02:30:42+00:00,74,0,0,0,Daily policy scan
2025-11-21T02:42:30+00:00,74,0,0,0,Daily policy scan
2025-11-22T02:26:55+00:00,74,0,0,0,Daily policy scan
2025-11-23T02:57:53+00:00,74,0,0,0,Daily policy scan
2025-11-24T02:54:03+00:00,74,0,0,0,Daily policy scan
