timestamp,reproducibility_status,checks_passed,checks_total,doi_verified,capsule_verified,capsule_sha256,notes
2025-11-11T14:52:00+00:00,certified,4,4,yes,yes,e8cf3e3fd735ce0f7bda3a46b4a0a13f0800372138ef6721940f9848ebb9329e,v1.0.0-Whitepaper baseline
2025-11-14T02:44:10+00:00,partial,4,4,yes,yes,e8cf3e3f...,Daily validation
2025-11-15T02:28:53+00:00,partial,4,4,yes,yes,e8cf3e3f...,Daily validation
2025-11-16T02:49:18+00:00,partial,4,4,yes,yes,e8cf3e3f...,Daily validation
2025-11-17T02:45:59+00:00,partial,4,4,yes,yes,e8cf3e3f...,Daily validation
2025-11-18T02:43:23+00:00,partial,4,4,yes,yes,e8cf3e3f...,Daily validation
2025-11-19T02:43:30+00:00,partial,4,4,yes,yes,e8cf3e3f...,Daily validation
2025-11-20T02:30:42+00:00,partial,4,4,yes,yes,e8cf3e3f...,Daily validation
2025-11-21T02:42:30+00:00,partial,4,4,yes,yes,e8cf3e3f...,Daily validation
2025-11-22T02:26:55+00:00,partial,4,4,yes,yes,e8cf3e3f...,Daily validation
2025-11-23T02:57:53+00:00,partial,4,4,yes,yes,e8cf3e3f...,Daily validation
2025-11-24T02:54:03+00:00,partial,4,4,yes,yes,e8cf3e3f...,Daily validation
2025-11-25T02:45:54+00:00,partial,4,4,yes,yes,e8cf3e3f...,Daily validation
